<?xml version="1.0" standalone="yes"?>
<NewDataSet>
  <Config>
    <Category>Global</Category>
    <Name>CustomUserFunction</Name>
    <Value>Write-Warning</Value>
    <Type>String</Type>
  </Config>
  <Config>
    <Category>Version</Category>
    <Name>Version</Name>
    <Value>0.99.6.0</Value>
    <Type>String</Type>
  </Config>
  <Config>
    <Category>Global</Category>
    <Name>DefaultHandler</Name>
    <Value>Dynamic</Value>
    <Type>String</Type>
  </Config>
  <Config>
    <Category>Global</Category>
    <Name>AlternateHandler</Name>
    <Value>Dynamic</Value>
    <Type>String</Type>
  </Config>
  <Config>
    <Category>Global</Category>
    <Name>CustomCompletionChars</Name>
    <Value>]:)</Value>
    <Type>String</Type>
  </Config>
  <Config>
    <Category>Colors</Category>
    <Name>BorderColor</Name>
    <Value>Blue</Value>
    <Type>ConsoleColor</Type>
  </Config>
  <Config>
    <Category>Colors</Category>
    <Name>BorderBackColor</Name>
    <Value>DarkBlue</Value>
    <Type>ConsoleColor</Type>
  </Config>
  <Config>
    <Category>Colors</Category>
    <Name>BackColor</Name>
    <Value>DarkGray</Value>
    <Type>ConsoleColor</Type>
  </Config>
  <Config>
    <Category>Colors</Category>
    <Name>TextColor</Name>
    <Value>Yellow</Value>
    <Type>ConsoleColor</Type>
  </Config>
  <Config>
    <Category>Colors</Category>
    <Name>SelectedBackColor</Name>
    <Value>DarkRed</Value>
    <Type>ConsoleColor</Type>
  </Config>
  <Config>
    <Category>Colors</Category>
    <Name>SelectedTextColor</Name>
    <Value>Red</Value>
    <Type>ConsoleColor</Type>
  </Config>
  <Config>
    <Category>Colors</Category>
    <Name>BorderTextColor</Name>
    <Value>Yellow</Value>
    <Type>ConsoleColor</Type>
  </Config>
  <Config>
    <Category>Colors</Category>
    <Name>FilterColor</Name>
    <Value>DarkGray</Value>
    <Type>ConsoleColor</Type>
  </Config>
  <Config>
    <Category>ShortcutChars</Category>
    <Name>CustomFunction</Name>
    <Value>#</Value>
    <Type>String</Type>
  </Config>
  <Config>
    <Category>ShortcutChars</Category>
    <Name>Invoke</Name>
    <Value>&amp;</Value>
    <Type>String</Type>
  </Config>
  <Config>
    <Category>ShortcutChars</Category>
    <Name>Custom</Name>
    <Value>^</Value>
    <Type>String</Type>
  </Config>
  <Config>
    <Category>ShortcutChars</Category>
    <Name>Alias</Name>
    <Value>@</Value>
    <Type>String</Type>
  </Config>
  <Config>
    <Category>ShortcutChars</Category>
    <Name>Partial</Name>
    <Value>%</Value>
    <Type>String</Type>
  </Config>
  <Config>
    <Category>ShortcutChars</Category>
    <Name>Native</Name>
    <Value>!</Value>
    <Type>String</Type>
  </Config>
  <Config>
    <Category>Setup</Category>
    <Name>ConfigurationPath</Name>
    <Value>h:\Documents\WindowsPowerShell\PowerTabConfig.xml</Value>
    <Type>String</Type>
  </Config>
  <Config>
    <Category>Setup</Category>
    <Name>DatabasePath</Name>
    <Value>h:\Documents\WindowsPowerShell\TabExpansion.xml</Value>
    <Type>String</Type>
  </Config>
  <Config>
    <Category>Global</Category>
    <Name>AutoExpandOnDot</Name>
    <Value>1</Value>
    <Type>Bool</Type>
  </Config>
  <Config>
    <Category>Global</Category>
    <Name>Enabled</Name>
    <Value>1</Value>
    <Type>Bool</Type>
  </Config>
  <Config>
    <Category>Global</Category>
    <Name>DoubleBorder</Name>
    <Value>1</Value>
    <Type>Bool</Type>
  </Config>
  <Config>
    <Category>Global</Category>
    <Name>ShowAccessorMethods</Name>
    <Value>1</Value>
    <Type>Bool</Type>
  </Config>
  <Config>
    <Category>Global</Category>
    <Name>FileSystemExpand</Name>
    <Value>1</Value>
    <Type>Bool</Type>
  </Config>
  <Config>
    <Category>Global</Category>
    <Name>SpaceComplete</Name>
    <Value>1</Value>
    <Type>Bool</Type>
  </Config>
  <Config>
    <Category>Global</Category>
    <Name>AliasQuickExpand</Name>
    <Value>0</Value>
    <Type>Bool</Type>
  </Config>
  <Config>
    <Category>Global</Category>
    <Name>TabActivityIndicator</Name>
    <Value>1</Value>
    <Type>Bool</Type>
  </Config>
  <Config>
    <Category>Global</Category>
    <Name>DoubleTabEnabled</Name>
    <Value>0</Value>
    <Type>Bool</Type>
  </Config>
  <Config>
    <Category>Global</Category>
    <Name>CloseListOnEmptyFilter</Name>
    <Value>1</Value>
    <Type>Bool</Type>
  </Config>
  <Config>
    <Category>Global</Category>
    <Name>DoubleTabLock</Name>
    <Value>0</Value>
    <Type>Bool</Type>
  </Config>
  <Config>
    <Category>Global</Category>
    <Name>DotComplete</Name>
    <Value>1</Value>
    <Type>Bool</Type>
  </Config>
  <Config>
    <Category>Global</Category>
    <Name>CustomComplete</Name>
    <Value>1</Value>
    <Type>Bool</Type>
  </Config>
  <Config>
    <Category>Global</Category>
    <Name>CustomFunctionEnabled</Name>
    <Value>0</Value>
    <Type>Bool</Type>
  </Config>
  <Config>
    <Category>Global</Category>
    <Name>VisualStudioTabBehavior</Name>
    <Value>0</Value>
    <Type>Bool</Type>
  </Config>
  <Config>
    <Category>Global</Category>
    <Name>AutoExpandOnBackSlash</Name>
    <Value>1</Value>
    <Type>Bool</Type>
  </Config>
  <Config>
    <Category>Global</Category>
    <Name>IgnoreConfirmPreference</Name>
    <Value>0</Value>
    <Type>Bool</Type>
  </Config>
  <Config>
    <Category>Global</Category>
    <Name>BackSlashComplete</Name>
    <Value>1</Value>
    <Type>Bool</Type>
  </Config>
  <Config>
    <Category>Global</Category>
    <Name>ShowBanner</Name>
    <Value>1</Value>
    <Type>Bool</Type>
  </Config>
  <Config>
    <Category>Global</Category>
    <Name>MinimumListItems</Name>
    <Value>2</Value>
    <Type>Int</Type>
  </Config>
  <Config>
    <Category>Global</Category>
    <Name>FastScrollItemcount</Name>
    <Value>10</Value>
    <Type>Int</Type>
  </Config>
</NewDataSet>